Workbook

Sheet Planogram
A1: HAIROTICMEN – Planogram (Max per Stand) | Berlin Pilot 2025
A2: SKU | B2: اسم المنتج | C2: الرف/الفئة | D2: الحد الأقصى لكل استاند
A3: BRD-KIT-001 | B3: Beard Kit 3 in 1 | C3: Beard – Top | D3: 6
A4: BRD-OIL-050 | B4: Beard Oil 50ml | C4: Beard – Top | D4: 8
A5: BRD-BLM-050 | B5: Beard Balm 50ml | C5: Beard – Top | D5: 8
A6: BRD-SHP-150 | B6: Beard Shampoo 150ml | C6: Beard – Top | D6: 6
A7: BRD-TNC-150 | B7: Beard Tonic 150ml | C7: Beard – Top | D7: 6
A8: HR-SIL-150 | B8: Silicon Velvet 150ml | C8: Hair – Mid | D8: 8
A9: WX-MAT-150 | B9: Matte Wax 150ml | C9: Wax – Mid | D9: 10
A10: WX-SPD-150 | B10: Spider Wax 150ml | C10: Wax – Mid | D10: 10
A11: WX-GLY-150 | B11: Clay Wax 150ml | C11: Wax – Mid | D11: 10
A12: WX-GEN-150 | B12: Gentle Wax 150ml | C12: Wax – Mid | D12: 10
A13: SHV-GEL-500 | B13: Shaving Gel 500ml | C13: Shaving – Bottom | D13: 4
A14: SHV-AFT-500 | B14: After Shave Balm 500ml | C14: Shaving – Bottom | D14: 4
... A16: TLS-BRB-001 | B16: Beard Brush | C16: Tools – Side | D16: 6

Sheet Products
A1: Product Master
A2: SKU | B2: اسم المنتج | C2: الفئة | D2: Barcode | E2: الوحدة | F2: تكلفة (€) | G2: RRP (€) | H2: المورد | I2: Lead Time (أيام) | J2: مخزون آمن | K2: مبيعات يومية متوسطة | L2: ROP (نقطة إعادة الطلب) | M2: ملاحظات
A3: BRD-KIT-001 | B3: Beard Kit 3 in 1 | C3: Beard | E3: pcs | H3: MH Trading UG | I3: 7 | J3: 2 | L3: =J3*I3+K3
A4: BRD-OIL-050 | B4: Beard Oil 50ml | C4: Beard | E4: pcs | H4: MH Trading UG | I4: 7 | J4: 2 | L4: =J3*I3+K3
A5: BRD-BLM-050 | B5: Beard Balm 50ml | C5: Beard | E5: pcs | H5: MH Trading UG | I5: 7 | J5: 2 | L5: =J3*I3+K3
A6: BRD-SHP-150 | B6: Beard Shampoo 150ml | C6: Beard | E6: pcs | H6: MH Trading UG | I6: 7 | J6: 2 | L6: =J3*I3+K3
A7: BRD-TNC-150 | B7: Beard Tonic 150ml | C7: Beard | E7: pcs | H7: MH Trading UG | I7: 7 | J7: 2 | L7: =J3*I3+K3
A8: HR-SIL-150 | B8: Silicon Velvet 150ml | C8: Hair | E8: pcs | H8: MH Trading UG | I8: 7 | J8: 2 | L8: =J3*I3+K3
A9: WX-MAT-150 | B9: Matte Wax 150ml | C9: Wax | E9: pcs | H9: MH Trading UG | I9: 7 | J9: 2 | L9: =J3*I3+K3
A10: WX-SPD-150 | B10: Spider Wax 150ml | C10: Wax | E10: pcs | H10: MH Trading UG | I10: 7 | J10: 2 | L10: =J3*I3+K3
A11: WX-GLY-150 | B11: Clay Wax 150ml | C11: Wax | E11: pcs | H11: MH Trading UG | I11: 7 | J11: 2 | L11: =J3*I3+K3
A12: WX-GEN-150 | B12: Gentle Wax 150ml | C12: Wax | E12: pcs | H12: MH Trading UG | I12: 7 | J12: 2 | L12: =J3*I3+K3
A13: SHV-GEL-500 | B13: Shaving Gel 500ml | C13: Shaving | E13: pcs | H13: MH Trading UG | I13: 7 | J13: 2 | L13: =J3*I3+K3
A14: SHV-AFT-500 | B14: After Shave Balm 500ml | C14: Shaving | E14: pcs | H14: MH Trading UG | I14: 7 | J14: 2 | L14: =J3*I3+K3
A15: SHV-CLG-175 | B15: After Shave Cologne 175ml | C15: Shaving | E15: pcs | H15: MH Trading UG | I15: 7 | J15: 2 | L15: =J3*I3+K3
A16: TLS-BRB-001 | B16: Beard Brush | C16: Tools | E16: pcs | H16: MH Trading UG | I16: 7 | J16: 2 | L16: =J3*I3+K3

Sheet Stand Stock
A1: Stand-level Stock On Hand
A2: رقم الأستاند | B2: اسم الصالون | C2: SKU | D2: اسم المنتج | E2: المتوفر (SOH) | F2: الحد الأقصى حسب Planogram | G2: كمية الطلب المقترحة
D3: =IFERROR(VLOOKUP(C3,Products!$A:$M,2,FALSE),"") | F3: =IFERROR(VLOOKUP(C3,Planogram!$A:$D,4,FALSE),0) | G3: =MAX(0, F3-E3)
D4: =IFERROR(VLOOKUP(C4,Products!$A:$M,2,FALSE),"") | F4: =IFERROR(VLOOKUP(C4,Planogram!$A:$D,4,FALSE),0) | G4: =MAX(0, F4-E4)
D5: =IFERROR(VLOOKUP(C5,Products!$A:$M,2,FALSE),"") | F5: =IFERROR(VLOOKUP(C5,Planogram!$A:$D,4,FALSE),0) | G5: =MAX(0, F5-E5)
D6: =IFERROR(VLOOKUP(C6,Products!$A:$M,2,FALSE),"") | F6: =IFERROR(VLOOKUP(C6,Planogram!$A:$D,4,FALSE),0) | G6: =MAX(0, F6-E6)
D7: =IFERROR(VLOOKUP(C7,Products!$A:$M,2,FALSE),"") | F7: =IFERROR(VLOOKUP(C7,Planogram!$A:$D,4,FALSE),0) | G7: =MAX(0, F7-E7)
D8: =IFERROR(VLOOKUP(C8,Products!$A:$M,2,FALSE),"") | F8: =IFERROR(VLOOKUP(C8,Planogram!$A:$D,4,FALSE),0) | G8: =MAX(0, F8-E8)
D9: =IFERROR(VLOOKUP(C9,Products!$A:$M,2,FALSE),"") | F9: =IFERROR(VLOOKUP(C9,Planogram!$A:$D,4,FALSE),0) | G9: =MAX(0, F9-E9)
D10: =IFERROR(VLOOKUP(C10,Products!$A:$M,2,FALSE),"") | F10: =IFERROR(VLOOKUP(C10,Planogram!$A:$D,4,FALSE),0) | G10: =MAX(0, F10-E10)
D11: =IFERROR(VLOOKUP(C11,Products!$A:$M,2,FALSE),"") | F11: =IFERROR(VLOOKUP(C11,Planogram!$A:$D,4,FALSE),0) | G11: =MAX(0, F11-E11)
D12: =IFERROR(VLOOKUP(C12,Products!$A:$M,2,FALSE),"") | F12: =IFERROR(VLOOKUP(C12,Planogram!$A:$D,4,FALSE),0) | G12: =MAX(0, F12-E12)
D13: =IFERROR(VLOOKUP(C13,Products!$A:$M,2,FALSE),"") | F13: =IFERROR(VLOOKUP(C13,Planogram!$A:$D,4,FALSE),0) | G13: =MAX(0, F13-E13)
D14: =IFERROR(VLOOKUP(C14,Products!$A:$M,2,FALSE),"") | F14: =IFERROR(VLOOKUP(C14,Planogram!$A:$D,4,FALSE),0) | G14: =MAX(0, F14-E14)
... D62: =IFERROR(VLOOKUP(C62,Products!$A:$M,2,FALSE),"") | F62: =IFERROR(VLOOKUP(C62,Planogram!$A:$D,4,FALSE),0) | G62: =MAX(0, F62-E62)

Sheet Reorder Summary
A1: Suggested Reorders per Stand (Filter Qty>0)
A2: رقم الأستاند | B2: اسم الصالون | C2: SKU | D2: اسم المنتج | E2: كمية الطلب المقترحة
B3: انسخ الصفوف من ورقة Stand Stock حيث كمية الطلب > 0
