Workbook

Sheet Sales Entry
A1: HAIROTICMEN – Monthly Sales Report (Salon) | Berlin Pilot 2025
A2: التاريخ | B2: رقم الأستاند | C2: اسم الصالون | D2: SKU | E2: المنتج | F2: الكمية | G2: سعر الوحدة (€) | H2: الإجمالي الصافي (€) | I2: ضريبة USt % | J2: الضريبة (€) | K2: الإجمالي الإجمالي (€)
H3: =F3*G3 | J3: =H3*I3 | K3: =H3+J3
H4: =F4*G4 | J4: =H4*I4 | K4: =H4+J4
H5: =F5*G5 | J5: =H5*I5 | K5: =H5+J5
H6: =F6*G6 | J6: =H6*I6 | K6: =H6+J6
H7: =F7*G7 | J7: =H7*I7 | K7: =H7+J7
H8: =F8*G8 | J8: =H8*I8 | K8: =H8+J8
H9: =F9*G9 | J9: =H9*I9 | K9: =H9+J9
H10: =F10*G10 | J10: =H10*I10 | K10: =H10+J10
H11: =F11*G11 | J11: =H11*I11 | K11: =H11+J11
H12: =F12*G12 | J12: =H12*I12 | K12: =H12+J12
H13: =F13*G13 | J13: =H13*I13 | K13: =H13+J13
H14: =F14*G14 | J14: =H14*I14 | K14: =H14+J14
... H202: =F202*G202 | J202: =H202*I202 | K202: =H202+J202

Sheet Summary by Stand
A1: Summary – By Stand
A2: رقم الأستاند | B2: اسم الصالون | C2: إجمالي الوحدات | D2: الإجمالي الصافي (€) | E2: الضريبة (€) | F2: الإجمالي (€) | G2: عدد الفواتير
C3: =SUMIFS('Sales Entry'!$F:$F,'Sales Entry'!$B:$B,$A3) | D3: =SUMIFS('Sales Entry'!$H:$H,'Sales Entry'!$B:$B,$A3) | E3: =SUMIFS('Sales Entry'!$J:$J,'Sales Entry'!$B:$B,$A3) | F3: =SUMIFS('Sales Entry'!$K:$K,'Sales Entry'!$B:$B,$A3) | G3: =COUNTA(UNIQUE(FILTER('Sales Entry'!$A$3:$A$200,'Sales Entry'!$B$3:$B$200=$A3)))
C4: =SUMIFS('Sales Entry'!$F:$F,'Sales Entry'!$B:$B,$A4) | D4: =SUMIFS('Sales Entry'!$H:$H,'Sales Entry'!$B:$B,$A4) | E4: =SUMIFS('Sales Entry'!$J:$J,'Sales Entry'!$B:$B,$A4) | F4: =SUMIFS('Sales Entry'!$K:$K,'Sales Entry'!$B:$B,$A4) | G4: =COUNTA(UNIQUE(FILTER('Sales Entry'!$A$3:$A$200,'Sales Entry'!$B$3:$B$200=$A4)))
C5: =SUMIFS('Sales Entry'!$F:$F,'Sales Entry'!$B:$B,$A5) | D5: =SUMIFS('Sales Entry'!$H:$H,'Sales Entry'!$B:$B,$A5) | E5: =SUMIFS('Sales Entry'!$J:$J,'Sales Entry'!$B:$B,$A5) | F5: =SUMIFS('Sales Entry'!$K:$K,'Sales Entry'!$B:$B,$A5) | G5: =COUNTA(UNIQUE(FILTER('Sales Entry'!$A$3:$A$200,'Sales Entry'!$B$3:$B$200=$A5)))
C6: =SUMIFS('Sales Entry'!$F:$F,'Sales Entry'!$B:$B,$A6) | D6: =SUMIFS('Sales Entry'!$H:$H,'Sales Entry'!$B:$B,$A6) | E6: =SUMIFS('Sales Entry'!$J:$J,'Sales Entry'!$B:$B,$A6) | F6: =SUMIFS('Sales Entry'!$K:$K,'Sales Entry'!$B:$B,$A6) | G6: =COUNTA(UNIQUE(FILTER('Sales Entry'!$A$3:$A$200,'Sales Entry'!$B$3:$B$200=$A6)))
C7: =SUMIFS('Sales Entry'!$F:$F,'Sales Entry'!$B:$B,$A7) | D7: =SUMIFS('Sales Entry'!$H:$H,'Sales Entry'!$B:$B,$A7) | E7: =SUMIFS('Sales Entry'!$J:$J,'Sales Entry'!$B:$B,$A7) | F7: =SUMIFS('Sales Entry'!$K:$K,'Sales Entry'!$B:$B,$A7) | G7: =COUNTA(UNIQUE(FILTER('Sales Entry'!$A$3:$A$200,'Sales Entry'!$B$3:$B$200=$A7)))
C8: =SUMIFS('Sales Entry'!$F:$F,'Sales Entry'!$B:$B,$A8) | D8: =SUMIFS('Sales Entry'!$H:$H,'Sales Entry'!$B:$B,$A8) | E8: =SUMIFS('Sales Entry'!$J:$J,'Sales Entry'!$B:$B,$A8) | F8: =SUMIFS('Sales Entry'!$K:$K,'Sales Entry'!$B:$B,$A8) | G8: =COUNTA(UNIQUE(FILTER('Sales Entry'!$A$3:$A$200,'Sales Entry'!$B$3:$B$200=$A8)))
C9: =SUMIFS('Sales Entry'!$F:$F,'Sales Entry'!$B:$B,$A9) | D9: =SUMIFS('Sales Entry'!$H:$H,'Sales Entry'!$B:$B,$A9) | E9: =SUMIFS('Sales Entry'!$J:$J,'Sales Entry'!$B:$B,$A9) | F9: =SUMIFS('Sales Entry'!$K:$K,'Sales Entry'!$B:$B,$A9) | G9: =COUNTA(UNIQUE(FILTER('Sales Entry'!$A$3:$A$200,'Sales Entry'!$B$3:$B$200=$A9)))
C10: =SUMIFS('Sales Entry'!$F:$F,'Sales Entry'!$B:$B,$A10) | D10: =SUMIFS('Sales Entry'!$H:$H,'Sales Entry'!$B:$B,$A10) | E10: =SUMIFS('Sales Entry'!$J:$J,'Sales Entry'!$B:$B,$A10) | F10: =SUMIFS('Sales Entry'!$K:$K,'Sales Entry'!$B:$B,$A10) | G10: =COUNTA(UNIQUE(FILTER('Sales Entry'!$A$3:$A$200,'Sales Entry'!$B$3:$B$200=$A10)))
C11: =SUMIFS('Sales Entry'!$F:$F,'Sales Entry'!$B:$B,$A11) | D11: =SUMIFS('Sales Entry'!$H:$H,'Sales Entry'!$B:$B,$A11) | E11: =SUMIFS('Sales Entry'!$J:$J,'Sales Entry'!$B:$B,$A11) | F11: =SUMIFS('Sales Entry'!$K:$K,'Sales Entry'!$B:$B,$A11) | G11: =COUNTA(UNIQUE(FILTER('Sales Entry'!$A$3:$A$200,'Sales Entry'!$B$3:$B$200=$A11)))
C12: =SUMIFS('Sales Entry'!$F:$F,'Sales Entry'!$B:$B,$A12) | D12: =SUMIFS('Sales Entry'!$H:$H,'Sales Entry'!$B:$B,$A12) | E12: =SUMIFS('Sales Entry'!$J:$J,'Sales Entry'!$B:$B,$A12) | F12: =SUMIFS('Sales Entry'!$K:$K,'Sales Entry'!$B:$B,$A12) | G12: =COUNTA(UNIQUE(FILTER('Sales Entry'!$A$3:$A$200,'Sales Entry'!$B$3:$B$200=$A12)))
C13: =SUMIFS('Sales Entry'!$F:$F,'Sales Entry'!$B:$B,$A13) | D13: =SUMIFS('Sales Entry'!$H:$H,'Sales Entry'!$B:$B,$A13) | E13: =SUMIFS('Sales Entry'!$J:$J,'Sales Entry'!$B:$B,$A13) | F13: =SUMIFS('Sales Entry'!$K:$K,'Sales Entry'!$B:$B,$A13) | G13: =COUNTA(UNIQUE(FILTER('Sales Entry'!$A$3:$A$200,'Sales Entry'!$B$3:$B$200=$A13)))
C14: =SUMIFS('Sales Entry'!$F:$F,'Sales Entry'!$B:$B,$A14) | D14: =SUMIFS('Sales Entry'!$H:$H,'Sales Entry'!$B:$B,$A14) | E14: =SUMIFS('Sales Entry'!$J:$J,'Sales Entry'!$B:$B,$A14) | F14: =SUMIFS('Sales Entry'!$K:$K,'Sales Entry'!$B:$B,$A14) | G14: =COUNTA(UNIQUE(FILTER('Sales Entry'!$A$3:$A$200,'Sales Entry'!$B$3:$B$200=$A14)))
... C22: =SUMIFS('Sales Entry'!$F:$F,'Sales Entry'!$B:$B,$A22) | D22: =SUMIFS('Sales Entry'!$H:$H,'Sales Entry'!$B:$B,$A22) | E22: =SUMIFS('Sales Entry'!$J:$J,'Sales Entry'!$B:$B,$A22) | F22: =SUMIFS('Sales Entry'!$K:$K,'Sales Entry'!$B:$B,$A22) | G22: =COUNTA(UNIQUE(FILTER('Sales Entry'!$A$3:$A$200,'Sales Entry'!$B$3:$B$200=$A22)))

Sheet Summary by Product
A1: Summary – By Product
A2: SKU | B2: المنتج | C2: إجمالي الوحدات | D2: الإجمالي الصافي (€) | E2: الضريبة (€) | F2: الإجمالي (€) | G2: عدد الأيام
C3: =SUMIFS('Sales Entry'!$F:$F,'Sales Entry'!$D:$D,$A3) | D3: =SUMIFS('Sales Entry'!$H:$H,'Sales Entry'!$D:$D,$A3) | E3: =SUMIFS('Sales Entry'!$J:$J,'Sales Entry'!$D:$D,$A3) | F3: =SUMIFS('Sales Entry'!$K:$K,'Sales Entry'!$D:$D,$A3) | G3: =COUNTA(UNIQUE('Sales Entry'!$A$3:$A$200))
C4: =SUMIFS('Sales Entry'!$F:$F,'Sales Entry'!$D:$D,$A4) | D4: =SUMIFS('Sales Entry'!$H:$H,'Sales Entry'!$D:$D,$A4) | E4: =SUMIFS('Sales Entry'!$J:$J,'Sales Entry'!$D:$D,$A4) | F4: =SUMIFS('Sales Entry'!$K:$K,'Sales Entry'!$D:$D,$A4) | G4: =COUNTA(UNIQUE('Sales Entry'!$A$3:$A$200))
C5: =SUMIFS('Sales Entry'!$F:$F,'Sales Entry'!$D:$D,$A5) | D5: =SUMIFS('Sales Entry'!$H:$H,'Sales Entry'!$D:$D,$A5) | E5: =SUMIFS('Sales Entry'!$J:$J,'Sales Entry'!$D:$D,$A5) | F5: =SUMIFS('Sales Entry'!$K:$K,'Sales Entry'!$D:$D,$A5) | G5: =COUNTA(UNIQUE('Sales Entry'!$A$3:$A$200))
C6: =SUMIFS('Sales Entry'!$F:$F,'Sales Entry'!$D:$D,$A6) | D6: =SUMIFS('Sales Entry'!$H:$H,'Sales Entry'!$D:$D,$A6) | E6: =SUMIFS('Sales Entry'!$J:$J,'Sales Entry'!$D:$D,$A6) | F6: =SUMIFS('Sales Entry'!$K:$K,'Sales Entry'!$D:$D,$A6) | G6: =COUNTA(UNIQUE('Sales Entry'!$A$3:$A$200))
C7: =SUMIFS('Sales Entry'!$F:$F,'Sales Entry'!$D:$D,$A7) | D7: =SUMIFS('Sales Entry'!$H:$H,'Sales Entry'!$D:$D,$A7) | E7: =SUMIFS('Sales Entry'!$J:$J,'Sales Entry'!$D:$D,$A7) | F7: =SUMIFS('Sales Entry'!$K:$K,'Sales Entry'!$D:$D,$A7) | G7: =COUNTA(UNIQUE('Sales Entry'!$A$3:$A$200))
C8: =SUMIFS('Sales Entry'!$F:$F,'Sales Entry'!$D:$D,$A8) | D8: =SUMIFS('Sales Entry'!$H:$H,'Sales Entry'!$D:$D,$A8) | E8: =SUMIFS('Sales Entry'!$J:$J,'Sales Entry'!$D:$D,$A8) | F8: =SUMIFS('Sales Entry'!$K:$K,'Sales Entry'!$D:$D,$A8) | G8: =COUNTA(UNIQUE('Sales Entry'!$A$3:$A$200))
C9: =SUMIFS('Sales Entry'!$F:$F,'Sales Entry'!$D:$D,$A9) | D9: =SUMIFS('Sales Entry'!$H:$H,'Sales Entry'!$D:$D,$A9) | E9: =SUMIFS('Sales Entry'!$J:$J,'Sales Entry'!$D:$D,$A9) | F9: =SUMIFS('Sales Entry'!$K:$K,'Sales Entry'!$D:$D,$A9) | G9: =COUNTA(UNIQUE('Sales Entry'!$A$3:$A$200))
C10: =SUMIFS('Sales Entry'!$F:$F,'Sales Entry'!$D:$D,$A10) | D10: =SUMIFS('Sales Entry'!$H:$H,'Sales Entry'!$D:$D,$A10) | E10: =SUMIFS('Sales Entry'!$J:$J,'Sales Entry'!$D:$D,$A10) | F10: =SUMIFS('Sales Entry'!$K:$K,'Sales Entry'!$D:$D,$A10) | G10: =COUNTA(UNIQUE('Sales Entry'!$A$3:$A$200))
C11: =SUMIFS('Sales Entry'!$F:$F,'Sales Entry'!$D:$D,$A11) | D11: =SUMIFS('Sales Entry'!$H:$H,'Sales Entry'!$D:$D,$A11) | E11: =SUMIFS('Sales Entry'!$J:$J,'Sales Entry'!$D:$D,$A11) | F11: =SUMIFS('Sales Entry'!$K:$K,'Sales Entry'!$D:$D,$A11) | G11: =COUNTA(UNIQUE('Sales Entry'!$A$3:$A$200))
C12: =SUMIFS('Sales Entry'!$F:$F,'Sales Entry'!$D:$D,$A12) | D12: =SUMIFS('Sales Entry'!$H:$H,'Sales Entry'!$D:$D,$A12) | E12: =SUMIFS('Sales Entry'!$J:$J,'Sales Entry'!$D:$D,$A12) | F12: =SUMIFS('Sales Entry'!$K:$K,'Sales Entry'!$D:$D,$A12) | G12: =COUNTA(UNIQUE('Sales Entry'!$A$3:$A$200))
C13: =SUMIFS('Sales Entry'!$F:$F,'Sales Entry'!$D:$D,$A13) | D13: =SUMIFS('Sales Entry'!$H:$H,'Sales Entry'!$D:$D,$A13) | E13: =SUMIFS('Sales Entry'!$J:$J,'Sales Entry'!$D:$D,$A13) | F13: =SUMIFS('Sales Entry'!$K:$K,'Sales Entry'!$D:$D,$A13) | G13: =COUNTA(UNIQUE('Sales Entry'!$A$3:$A$200))
C14: =SUMIFS('Sales Entry'!$F:$F,'Sales Entry'!$D:$D,$A14) | D14: =SUMIFS('Sales Entry'!$H:$H,'Sales Entry'!$D:$D,$A14) | E14: =SUMIFS('Sales Entry'!$J:$J,'Sales Entry'!$D:$D,$A14) | F14: =SUMIFS('Sales Entry'!$K:$K,'Sales Entry'!$D:$D,$A14) | G14: =COUNTA(UNIQUE('Sales Entry'!$A$3:$A$200))
... C32: =SUMIFS('Sales Entry'!$F:$F,'Sales Entry'!$D:$D,$A32) | D32: =SUMIFS('Sales Entry'!$H:$H,'Sales Entry'!$D:$D,$A32) | E32: =SUMIFS('Sales Entry'!$J:$J,'Sales Entry'!$D:$D,$A32) | F32: =SUMIFS('Sales Entry'!$K:$K,'Sales Entry'!$D:$D,$A32) | G32: =COUNTA(UNIQUE('Sales Entry'!$A$3:$A$200))

Sheet Commissions
A1: Commission Calculator (Salon)
A2: الشهر/السنة | B2: إجمالي الوحدات | C2: الإجمالي الصافي (€) | D2: % العمولة الأساسية | E2: % حافز الأداء | F2: نسبة العمولة الكلية | G2: العمولة المستحقة (€)
B3: =SUM('Sales Entry'!F3:F200) | C3: =SUM('Sales Entry'!H3:H200) | D3: 0.3 | E3: =IF(B3>=150,0.15,IF(B3>=100,0.10,IF(B3>=50,0.05,0))) | F3: =D3+E3 | G3: =C3*F3
